id,polarity
1,positive
2,neutral
3,neutral
4,neutral
5,positive
6,neutral
7,positive
8,positive
9,positive
10,neutral
11,neutral
12,neutral
13,positive
14,positive
15,neutral
16,negative
17,positive
18,neutral
19,positive
20,neutral
21,neutral
22,neutral
23,neutral
24,neutral
25,neutral
26,neutral
27,positive
28,neutral
29,positive
30,neutral
31,neutral
32,positive
33,neutral
34,neutral
35,positive
36,neutral
37,neutral
38,positive
39,positive
40,neutral
41,positive
42,neutral
43,neutral
44,positive
45,positive
46,positive
47,negative
48,neutral
49,neutral
50,neutral
51,positive
52,neutral
53,neutral
54,neutral
55,neutral
56,positive
57,neutral
58,neutral
59,neutral
60,neutral
61,neutral
62,positive
63,neutral
64,neutral
65,neutral
66,neutral
67,neutral
68,neutral
69,positive
70,positive
71,neutral
72,neutral
73,neutral
74,positive
75,neutral
76,neutral
77,positive
78,neutral
79,neutral
80,negative
81,positive
82,neutral
83,neutral
84,neutral
85,neutral
86,neutral
87,positive
88,neutral
89,positive
90,neutral
91,positive
92,neutral
93,neutral
94,neutral
95,positive
96,positive
97,positive
98,neutral
99,positive
100,positive
101,positive
102,neutral
103,neutral
104,neutral
105,neutral
106,negative
107,neutral
108,neutral
109,neutral
110,neutral
111,negative
112,positive
113,neutral
114,neutral
115,negative
116,neutral
117,positive
118,positive
119,positive
120,neutral
121,neutral
122,neutral
123,positive
124,neutral
125,neutral
126,positive
127,neutral
128,negative
129,neutral
130,neutral
131,neutral
132,neutral
133,positive
134,neutral
135,positive
136,neutral
137,neutral
138,neutral
139,neutral
140,neutral
141,neutral
142,positive
143,positive
144,neutral
145,positive
146,neutral
147,neutral
148,neutral
149,positive
150,negative
151,neutral
152,positive
153,neutral
154,neutral
155,neutral
156,positive
157,neutral
158,neutral
159,neutral
160,neutral
161,positive
162,neutral
163,neutral
164,negative
165,positive
166,negative
167,neutral
168,positive
169,neutral
170,neutral
171,positive
172,positive
173,neutral
174,negative
175,negative
176,positive
177,positive
178,neutral
179,positive
180,neutral
181,neutral
182,positive
183,neutral
184,neutral
185,neutral
186,neutral
187,positive
188,negative
189,neutral
190,negative
191,neutral
192,positive
193,neutral
194,positive
195,positive
196,neutral
197,positive
198,neutral
199,positive
200,positive
201,positive
202,positive
203,positive
204,negative
205,neutral
206,neutral
207,neutral
208,positive
209,neutral
210,neutral
211,positive
212,neutral
213,positive
214,negative
215,positive
216,neutral
217,negative
218,neutral
219,neutral
220,neutral
221,neutral
222,neutral
223,neutral
224,neutral
225,neutral
226,neutral
227,neutral
228,positive
229,positive
230,neutral
231,neutral
232,neutral
233,negative
234,neutral
235,neutral
236,neutral
237,positive
238,neutral
239,positive
240,neutral
241,positive
242,positive
243,neutral
244,negative
245,neutral
246,positive
247,positive
248,negative
249,neutral
250,neutral
251,positive
252,neutral
253,neutral
254,neutral
255,neutral
256,positive
257,positive
258,neutral
259,neutral
260,neutral
261,positive
262,positive
263,neutral
264,neutral
265,neutral
266,positive
267,neutral
268,neutral
269,negative
270,positive
271,positive
272,neutral
273,neutral
274,positive
275,neutral
276,positive
277,neutral
278,neutral
279,neutral
280,neutral
281,neutral
282,neutral
283,neutral
284,positive
285,positive
286,positive
287,neutral
288,neutral
289,neutral
290,positive
291,neutral
292,positive
293,neutral
294,negative
295,positive
296,neutral
297,positive
298,neutral
299,neutral
300,neutral
301,neutral
302,neutral
303,positive
304,neutral
305,neutral
306,negative
307,neutral
308,neutral
309,positive
310,positive
311,positive
312,positive
313,neutral
314,neutral
315,neutral
316,neutral
317,positive
318,neutral
319,positive
320,positive
321,neutral
322,positive
323,neutral
324,positive
325,neutral
326,neutral
327,neutral
328,neutral
329,neutral
330,neutral
331,positive
332,neutral
333,neutral
334,positive
335,positive
336,neutral
337,negative
338,neutral
339,neutral
340,positive
341,positive
342,positive
343,neutral
344,negative
345,positive
346,positive
347,positive
348,positive
349,negative
350,positive
351,neutral
352,neutral
353,positive
354,neutral
355,positive
356,neutral
357,positive
358,neutral
359,neutral
360,neutral
361,neutral
362,neutral
363,negative
364,neutral
365,neutral
366,negative
367,positive
368,positive
369,positive
370,neutral
371,positive
372,neutral
373,neutral
374,positive
375,positive
376,neutral
377,positive
378,neutral
379,positive
380,neutral
381,positive
382,neutral
383,neutral
384,positive
385,neutral
386,positive
387,neutral
388,neutral
389,neutral
390,positive
391,neutral
392,positive
393,neutral
394,positive
395,negative
396,neutral
397,neutral
398,negative
399,neutral
400,positive
401,neutral
402,neutral
403,neutral
404,neutral
405,neutral
406,neutral
407,neutral
408,neutral
409,positive
410,positive
411,neutral
412,neutral
413,neutral
414,positive
415,neutral
416,positive
417,neutral
418,neutral
419,neutral
420,positive
421,positive
422,negative
423,neutral
424,positive
425,positive
426,neutral
427,neutral
428,neutral
429,positive
430,positive
431,neutral
432,positive
433,neutral
434,neutral
435,neutral
436,neutral
437,neutral
438,neutral
439,positive
440,neutral
441,neutral
442,neutral
443,neutral
444,neutral
445,neutral
446,neutral
447,positive
448,positive
449,neutral
450,positive
451,positive
452,neutral
453,neutral
454,positive
455,neutral
456,negative
457,neutral
458,positive
459,neutral
460,neutral
461,neutral
462,neutral
463,neutral
464,neutral
465,positive
466,negative
467,positive
468,neutral
469,neutral
470,neutral
471,positive
472,positive
473,neutral
474,neutral
475,positive
476,neutral
477,positive
478,positive
479,negative
480,positive
481,neutral
482,neutral
483,positive
484,positive
485,neutral
486,neutral
487,positive
488,neutral
489,neutral
490,neutral
491,neutral
492,neutral
493,neutral
494,positive
495,positive
496,neutral
497,neutral
498,neutral
499,negative
500,neutral
501,neutral
502,positive
503,neutral
504,positive
505,neutral
506,neutral
507,positive
508,neutral
509,negative
510,positive
511,neutral
512,neutral
513,neutral
514,positive
515,neutral
516,neutral
517,neutral
518,neutral
519,neutral
520,positive
521,neutral
522,positive
523,neutral
524,neutral
525,positive
526,positive
527,neutral
528,neutral
529,neutral
530,neutral
531,neutral
532,positive
533,positive
534,positive
535,neutral
536,neutral
537,positive
538,neutral
539,neutral
540,neutral
541,neutral
542,neutral
543,neutral
544,neutral
545,neutral
546,positive
547,positive
548,neutral
549,positive
550,neutral
551,positive
552,neutral
553,positive
554,neutral
555,neutral
556,neutral
557,neutral
558,positive
559,positive
560,positive
561,positive
562,neutral
563,neutral
564,neutral
565,neutral
566,positive
567,positive
568,neutral
569,neutral
570,positive
571,neutral
572,neutral
573,neutral
574,neutral
575,negative
576,neutral
577,positive
578,positive
579,positive
580,neutral
581,negative
582,positive
583,neutral
584,neutral
585,negative
586,negative
587,positive
588,negative
589,neutral
590,neutral
591,neutral
592,positive
593,positive
594,neutral
595,neutral
596,positive
597,neutral
598,neutral
599,neutral
600,neutral
601,neutral
602,positive
603,neutral
604,negative
605,neutral
606,positive
607,neutral
608,neutral
609,neutral
610,positive
611,neutral
612,positive
613,positive
614,positive
615,neutral
616,positive
617,positive
618,positive
619,neutral
620,positive
621,neutral
622,positive
623,positive
624,neutral
625,neutral
626,neutral
627,neutral
628,neutral
629,neutral
630,neutral
631,positive
632,neutral
633,neutral
634,neutral
635,negative
636,neutral
637,neutral
638,neutral
639,neutral
640,positive
641,neutral
642,neutral
643,neutral
644,neutral
645,positive
646,positive
647,neutral
648,positive
649,neutral
650,positive
651,neutral
652,positive
653,neutral
654,negative
655,negative
656,positive
657,neutral
658,neutral
659,positive
660,neutral
661,positive
662,neutral
663,positive
664,neutral
665,neutral
666,positive
667,neutral
668,positive
669,neutral
670,positive
671,neutral
672,positive
673,positive
674,positive
675,positive
676,neutral
677,positive
678,positive
679,neutral
680,positive
681,neutral
682,positive
683,negative
684,neutral
685,neutral
686,neutral
687,neutral
688,positive
689,neutral
690,positive
691,neutral
692,neutral
693,neutral
694,positive
695,neutral
696,neutral
697,neutral
698,neutral
699,neutral
700,neutral
701,neutral
702,neutral
703,positive
704,positive
705,neutral
706,positive
707,neutral
708,positive
709,neutral
710,neutral
711,neutral
712,positive
713,neutral
714,neutral
715,positive
716,neutral
717,neutral
718,positive
719,neutral
720,positive
721,positive
722,neutral
723,neutral
724,positive
725,neutral
726,neutral
727,positive
728,neutral
729,negative
730,neutral
731,neutral
732,positive
733,positive
734,neutral
735,positive
736,positive
737,positive
738,neutral
739,neutral
740,neutral
741,neutral
742,neutral
743,neutral
744,neutral
745,neutral
746,positive
747,positive
748,neutral
749,neutral
750,neutral
751,neutral
752,neutral
753,neutral
754,neutral
755,neutral
756,neutral
757,positive
758,neutral
759,neutral
760,neutral
761,positive
762,neutral
763,positive
764,neutral
765,neutral
766,neutral
767,neutral
768,positive
769,neutral
770,neutral
771,positive
772,neutral
773,positive
774,positive
775,positive
776,neutral
777,neutral
778,neutral
779,neutral
780,neutral
781,neutral
782,positive
783,neutral
784,positive
785,positive
786,neutral
787,neutral
788,neutral
789,neutral
790,positive
791,positive
792,positive
793,positive
794,neutral
795,neutral
796,positive
797,neutral
798,neutral
799,neutral
800,positive
801,neutral
802,neutral
803,neutral
804,neutral
805,neutral
806,neutral
807,neutral
808,neutral
809,positive
810,negative
811,positive
812,positive
813,positive
814,neutral
815,neutral
816,neutral
817,neutral
818,neutral
819,neutral
820,positive
821,neutral
822,neutral
823,neutral
824,neutral
825,neutral
826,neutral
827,positive
828,neutral
829,positive
830,neutral
831,neutral
832,neutral
833,neutral
834,neutral
835,positive
836,neutral
837,neutral
838,positive
839,positive
840,positive
841,neutral
842,positive
843,neutral
844,neutral
845,neutral
846,positive
847,positive
848,neutral
849,neutral
850,positive
851,neutral
852,negative
853,positive
854,neutral
855,neutral
856,neutral
857,positive
858,negative
859,negative
860,neutral
861,neutral
862,neutral
863,positive
864,positive
865,neutral
866,negative
867,positive
868,neutral
869,neutral
870,positive
871,neutral
872,neutral
873,positive
874,positive
875,neutral
876,neutral
877,neutral
878,neutral
879,positive
880,positive
881,positive
882,negative
883,neutral
884,positive
885,neutral
886,neutral
887,positive
888,positive
889,neutral
890,neutral
891,positive
892,positive
893,neutral
894,neutral
895,neutral
896,neutral
897,neutral
898,neutral
899,neutral
900,neutral
901,positive
902,neutral
903,positive
904,positive
905,neutral
906,neutral
907,positive
908,neutral
909,neutral
910,neutral
911,neutral
912,neutral
913,neutral
914,neutral
915,positive
916,positive
917,positive
918,neutral
919,neutral
920,positive
921,negative
922,positive
923,positive
924,negative
925,neutral
926,neutral
927,neutral
928,neutral
929,positive
930,positive
931,neutral
932,neutral
933,neutral
934,neutral
935,neutral
936,positive
937,neutral
938,neutral
939,positive
940,neutral
941,neutral
942,positive
943,neutral
944,neutral
945,negative
946,neutral
947,positive
948,neutral
949,neutral
950,positive
951,neutral
952,neutral
953,neutral
954,neutral
955,neutral
956,neutral
957,positive
958,neutral
959,negative
960,positive
961,neutral
962,neutral
963,negative
964,neutral
965,positive
966,neutral
967,neutral
968,positive
969,neutral
970,positive
971,positive
972,positive
973,positive
974,neutral
975,neutral
976,positive
977,neutral
978,neutral
979,neutral
980,positive
981,neutral
982,positive
983,positive
984,positive
985,neutral
986,negative
987,positive
988,neutral
989,neutral
990,positive
991,neutral
992,neutral
993,positive
994,neutral
995,neutral
996,positive
997,positive
998,neutral
999,neutral
1000,neutral
1001,neutral
1002,neutral
1003,neutral
1004,neutral
1005,positive
1006,neutral
1007,neutral
1008,positive
1009,positive
1010,positive
1011,neutral
1012,neutral
1013,neutral
1014,neutral
1015,positive
1016,neutral
1017,neutral
1018,positive
1019,neutral
1020,neutral
1021,neutral
1022,neutral
1023,neutral
1024,positive
1025,neutral
1026,negative
1027,neutral
1028,neutral
1029,positive
1030,neutral
1031,neutral
1032,neutral
1033,positive
1034,neutral
1035,neutral
1036,neutral
1037,positive
1038,neutral
1039,positive
1040,positive
1041,positive
1042,neutral
1043,neutral
1044,neutral
1045,positive
1046,positive
1047,positive
1048,negative
1049,positive
1050,neutral
1051,neutral
1052,neutral
1053,neutral
1054,positive
1055,neutral
1056,neutral
1057,positive
1058,neutral
1059,neutral
1060,neutral
1061,neutral
1062,neutral
1063,positive
1064,positive
1065,neutral
1066,positive
1067,neutral
1068,positive
1069,neutral
1070,negative
1071,positive
1072,neutral
1073,positive
1074,positive
1075,positive
1076,positive
1077,positive
1078,neutral
1079,positive
1080,negative
1081,neutral
1082,neutral
1083,neutral
1084,positive
1085,neutral
1086,positive
1087,neutral
1088,neutral
1089,neutral
1090,neutral
1091,positive
1092,positive
1093,neutral
1094,positive
1095,neutral
1096,neutral
1097,neutral
1098,positive
1099,positive
1100,negative
1101,neutral
1102,neutral
1103,positive
1104,neutral
1105,neutral
1106,neutral
1107,positive
1108,positive
1109,neutral
1110,positive
1111,positive
1112,neutral
1113,positive
1114,positive
1115,neutral
1116,neutral
1117,negative
1118,positive
1119,positive
1120,neutral
1121,neutral
1122,neutral
1123,positive
1124,neutral
1125,neutral
1126,positive
1127,positive
1128,neutral
1129,neutral
1130,positive
1131,neutral
1132,neutral
1133,neutral
1134,positive
1135,positive
1136,positive
1137,neutral
1138,neutral
1139,positive
1140,negative
1141,positive
1142,negative
1143,neutral
1144,positive
1145,positive
1146,neutral
1147,neutral
1148,neutral
1149,neutral
1150,positive
1151,neutral
1152,neutral
1153,neutral
1154,negative
1155,neutral
1156,neutral
1157,neutral
1158,negative
1159,neutral
1160,neutral
1161,neutral
1162,neutral
1163,positive
1164,positive
1165,negative
1166,neutral
1167,positive
1168,neutral
1169,neutral
1170,neutral
1171,positive
1172,neutral
1173,neutral
1174,neutral
1175,neutral
1176,neutral
1177,neutral
1178,neutral
1179,neutral
1180,neutral
1181,negative
1182,neutral
1183,neutral
1184,neutral
1185,neutral
1186,positive
1187,neutral
1188,neutral
1189,positive
1190,neutral
1191,neutral
1192,neutral
1193,positive
1194,neutral
1195,neutral
1196,neutral
1197,positive
1198,neutral
1199,positive
1200,neutral
1201,neutral
1202,positive
1203,neutral
1204,neutral
1205,neutral
1206,positive
1207,neutral
1208,neutral
1209,negative
1210,positive
1211,neutral
1212,positive
1213,positive
1214,neutral
1215,positive
1216,neutral
1217,neutral
1218,positive
1219,neutral
1220,neutral
1221,neutral
1222,neutral
1223,neutral
1224,neutral
1225,negative
1226,neutral
1227,neutral
1228,neutral
1229,neutral
1230,neutral
1231,neutral
1232,neutral
1233,positive
1234,neutral
1235,neutral
1236,negative
1237,neutral
1238,positive
1239,neutral
1240,neutral
1241,neutral
1242,neutral
1243,positive
1244,positive
1245,neutral
1246,positive
1247,neutral
1248,positive
1249,neutral
1250,neutral
1251,positive
1252,neutral
1253,neutral
1254,positive
1255,neutral
1256,positive
1257,neutral
1258,positive
1259,neutral
1260,neutral
1261,neutral
1262,neutral
1263,neutral
1264,neutral
1265,positive
1266,neutral
1267,neutral
1268,positive
1269,neutral
1270,positive
1271,neutral
1272,neutral
1273,neutral
1274,neutral
1275,positive
1276,positive
1277,positive
1278,neutral
1279,neutral
1280,neutral
1281,neutral
1282,neutral
1283,positive
1284,neutral
1285,neutral
1286,neutral
1287,neutral
1288,neutral
1289,neutral
1290,neutral
1291,positive
1292,neutral
1293,neutral
1294,neutral
1295,neutral
1296,neutral
1297,positive
1298,positive
1299,neutral
1300,neutral
1301,neutral
1302,negative
1303,positive
1304,neutral
1305,neutral
1306,positive
1307,neutral
1308,neutral
1309,neutral
1310,positive
1311,negative
1312,neutral
1313,neutral
1314,neutral
1315,neutral
1316,positive
1317,neutral
1318,neutral
1319,negative
1320,neutral
1321,neutral
1322,neutral
1323,neutral
1324,positive
1325,neutral
1326,neutral
1327,neutral
1328,neutral
1329,neutral
1330,positive
1331,positive
1332,neutral
1333,neutral
1334,neutral
1335,neutral
1336,neutral
1337,neutral
1338,neutral
1339,neutral
1340,neutral
1341,neutral
1342,neutral
1343,positive
1344,neutral
1345,neutral
1346,neutral
1347,positive
1348,neutral
1349,neutral
1350,neutral
1351,neutral
1352,positive
1353,neutral
1354,positive
1355,positive
1356,neutral
1357,negative
1358,neutral
1359,positive
1360,negative
1361,neutral
1362,negative
1363,neutral
1364,positive
1365,neutral
1366,neutral
1367,neutral
1368,neutral
1369,positive
1370,neutral
1371,neutral
1372,neutral
1373,negative
1374,positive
1375,positive
1376,positive
1377,neutral
1378,neutral
1379,positive
1380,neutral
1381,neutral
1382,neutral
1383,neutral
1384,neutral
1385,neutral
1386,neutral
1387,neutral
1388,neutral
1389,neutral
1390,neutral
1391,neutral
1392,neutral
1393,negative
1394,neutral
1395,neutral
1396,neutral
1397,neutral
1398,neutral
1399,neutral
1400,neutral
1401,neutral
1402,neutral
1403,positive
1404,neutral
1405,neutral
1406,neutral
1407,neutral
1408,positive
1409,neutral
1410,neutral
1411,neutral
1412,neutral
1413,neutral
1414,neutral
1415,neutral
1416,neutral
1417,negative
1418,neutral
1419,positive
1420,neutral
1421,neutral
1422,positive
1423,neutral
1424,positive
1425,positive
1426,neutral
1427,neutral
1428,positive
1429,positive
1430,positive
1431,neutral
1432,positive
1433,neutral
1434,neutral
1435,positive
1436,neutral
1437,neutral
1438,positive
1439,positive
1440,neutral
1441,neutral
1442,neutral
1443,neutral
1444,neutral
1445,neutral
1446,neutral
1447,positive
1448,positive
1449,positive
1450,positive
1451,positive
1452,positive
1453,neutral
1454,negative
1455,neutral
1456,positive
1457,neutral
1458,neutral
1459,neutral
1460,neutral
1461,neutral
1462,neutral
1463,neutral
1464,neutral
1465,positive
1466,neutral
1467,positive
1468,negative
1469,neutral
1470,neutral
1471,neutral
1472,negative
1473,positive
1474,positive
1475,neutral
1476,negative
1477,neutral
1478,neutral
1479,neutral
1480,neutral
1481,neutral
1482,neutral
1483,negative
1484,neutral
1485,negative
1486,neutral
1487,positive
1488,neutral
1489,neutral
1490,neutral
1491,neutral
1492,positive
1493,positive
1494,positive
1495,negative
1496,negative
1497,neutral
1498,neutral
1499,positive
1500,neutral
1501,positive
1502,neutral
1503,positive
1504,neutral
1505,neutral
1506,neutral
1507,positive
1508,neutral
1509,neutral
1510,neutral
1511,neutral
1512,positive
1513,positive
1514,positive
1515,neutral
1516,positive
1517,neutral
1518,positive
1519,positive
1520,positive
1521,neutral
1522,neutral
1523,neutral
1524,positive
1525,neutral
1526,neutral
1527,neutral
1528,neutral
1529,neutral
1530,negative
1531,neutral
1532,neutral
1533,neutral
1534,neutral
1535,neutral
1536,neutral
1537,neutral
1538,neutral
1539,neutral
1540,neutral
1541,neutral
1542,neutral
1543,positive
1544,neutral
1545,neutral
1546,positive
1547,neutral
1548,positive
1549,neutral
1550,neutral
1551,positive
1552,neutral
1553,positive
1554,positive
1555,neutral
1556,neutral
1557,neutral
1558,positive
1559,neutral
1560,positive
1561,neutral
1562,neutral
1563,positive
1564,negative
1565,neutral
1566,neutral
1567,neutral
1568,neutral
1569,positive
1570,positive
1571,neutral
1572,neutral
1573,neutral
1574,neutral
1575,neutral
1576,neutral
1577,positive
1578,neutral
1579,neutral
1580,neutral
1581,positive
1582,neutral
1583,positive
1584,positive
1585,neutral
1586,positive
1587,neutral
1588,neutral
1589,positive
1590,neutral
1591,neutral
1592,neutral
1593,neutral
1594,positive
1595,neutral
1596,neutral
1597,neutral
1598,positive
1599,neutral
1600,neutral
1601,neutral
1602,neutral
1603,neutral
1604,neutral
1605,neutral
1606,negative
1607,neutral
1608,negative
1609,neutral
1610,positive
1611,negative
1612,neutral
1613,neutral
1614,positive
1615,positive
1616,neutral
1617,neutral
1618,neutral
1619,negative
1620,positive
1621,neutral
1622,neutral
1623,positive
1624,positive
1625,neutral
1626,neutral
1627,neutral
1628,positive
1629,positive
1630,positive
1631,neutral
1632,neutral
1633,positive
1634,negative
1635,neutral
1636,neutral
1637,neutral
1638,neutral
1639,neutral
1640,neutral
1641,neutral
1642,neutral
1643,positive
1644,negative
1645,neutral
1646,positive
1647,neutral
1648,positive
1649,positive
1650,negative
1651,positive
1652,neutral
1653,neutral
1654,positive
1655,positive
1656,positive
1657,neutral
1658,neutral
1659,neutral
1660,neutral
1661,neutral
1662,positive
1663,neutral
1664,positive
1665,positive
1666,neutral
1667,neutral
1668,neutral
1669,neutral
1670,neutral
1671,positive
1672,neutral
1673,neutral
1674,neutral
1675,neutral
1676,neutral
1677,neutral
1678,neutral
1679,positive
1680,positive
1681,positive
1682,positive
1683,neutral
1684,neutral
1685,neutral
1686,positive
1687,positive
1688,negative
1689,neutral
1690,positive
1691,neutral
1692,positive
1693,neutral
1694,positive
1695,neutral
1696,positive
1697,positive
1698,positive
1699,positive
1700,neutral
1701,neutral
1702,positive
1703,neutral
1704,neutral
1705,neutral
1706,neutral
1707,neutral
1708,neutral
1709,neutral
1710,positive
1711,neutral
1712,neutral
1713,neutral
1714,neutral
1715,neutral
1716,positive
1717,neutral
1718,positive
1719,positive
1720,positive
1721,positive
1722,neutral
1723,neutral
1724,neutral
1725,neutral
1726,neutral
1727,neutral
1728,neutral
1729,neutral
1730,positive
1731,neutral
1732,neutral
1733,neutral
1734,neutral
1735,positive
1736,neutral
1737,positive
1738,positive
1739,positive
1740,positive
1741,neutral
1742,neutral
1743,neutral
1744,neutral
1745,positive
1746,positive
1747,negative
1748,positive
1749,neutral
1750,neutral
1751,neutral
1752,neutral
1753,neutral
1754,neutral
1755,negative
1756,neutral
1757,negative
1758,positive
1759,neutral
1760,positive
1761,neutral
1762,neutral
1763,positive
1764,neutral
1765,positive
1766,neutral
1767,positive
1768,neutral
1769,positive
1770,positive
1771,positive
1772,neutral
1773,positive
1774,positive
1775,positive
1776,neutral
1777,positive
1778,neutral
1779,positive
1780,neutral
1781,neutral
1782,neutral
1783,neutral
1784,positive
1785,positive
1786,neutral
1787,negative
1788,positive
1789,neutral
1790,neutral
1791,positive
1792,neutral
1793,neutral
1794,positive
1795,neutral
1796,neutral
1797,neutral
1798,neutral
1799,neutral
1800,negative
1801,neutral
1802,neutral
1803,neutral
1804,positive
1805,neutral
1806,neutral
1807,neutral
1808,positive
1809,neutral
1810,positive
1811,positive
1812,neutral
1813,positive
1814,positive
1815,neutral
1816,neutral
1817,positive
1818,negative
1819,neutral
1820,neutral
1821,positive
1822,neutral
1823,negative
1824,positive
1825,neutral
1826,neutral
1827,neutral
1828,neutral
1829,neutral
1830,positive
1831,neutral
1832,positive
1833,neutral
1834,neutral
1835,positive
1836,neutral
1837,neutral
1838,positive
1839,neutral
1840,neutral
1841,positive
1842,negative
1843,neutral
1844,neutral
1845,positive
1846,negative
1847,neutral
1848,neutral
1849,neutral
1850,neutral
1851,neutral
1852,neutral
1853,positive
1854,neutral
1855,neutral
1856,positive
1857,negative
1858,positive
1859,neutral
1860,negative
1861,neutral
1862,positive
1863,neutral
1864,positive
1865,positive
1866,neutral
1867,neutral
1868,positive
1869,neutral
1870,neutral
1871,positive
1872,neutral
1873,positive
1874,neutral
1875,neutral
1876,neutral
1877,positive
1878,neutral
1879,positive
1880,neutral
1881,negative
1882,positive
1883,negative
1884,neutral
1885,positive
1886,neutral
1887,positive
1888,neutral
1889,neutral
1890,neutral
1891,positive
1892,neutral
1893,neutral
1894,neutral
1895,neutral
1896,neutral
1897,neutral
1898,positive
1899,positive
1900,neutral
1901,negative
1902,neutral
1903,neutral
1904,negative
1905,neutral
1906,neutral
1907,neutral
1908,positive
1909,positive
1910,neutral
1911,positive
1912,neutral
1913,neutral
1914,neutral
1915,neutral
1916,positive
1917,neutral
1918,positive
1919,neutral
1920,neutral
1921,positive
1922,positive
1923,neutral
1924,negative
1925,positive
1926,positive
1927,neutral
1928,neutral
1929,neutral
1930,positive
1931,positive
1932,neutral
1933,neutral
1934,neutral
1935,negative
1936,neutral
1937,neutral
1938,negative
1939,neutral
1940,neutral
1941,neutral
1942,positive
1943,positive
1944,neutral
1945,neutral
1946,positive
1947,neutral
1948,neutral
1949,positive
1950,neutral
1951,neutral
1952,neutral
1953,neutral
1954,neutral
1955,negative
1956,neutral
1957,positive
1958,neutral
1959,neutral
1960,neutral
1961,neutral
1962,neutral
1963,neutral
1964,neutral
1965,positive
1966,positive
1967,neutral
1968,neutral
1969,neutral
1970,neutral
1971,positive
1972,negative
1973,neutral
1974,neutral
1975,neutral
1976,neutral
1977,neutral
1978,positive
1979,neutral
1980,neutral
1981,positive
1982,neutral
1983,positive
1984,neutral
1985,neutral
1986,neutral
1987,neutral
1988,positive
1989,neutral
1990,neutral
1991,neutral
1992,neutral
1993,neutral
1994,neutral
1995,positive
1996,neutral
1997,neutral
1998,positive
1999,neutral
2000,neutral
2001,neutral
2002,positive
2003,neutral
2004,neutral
2005,neutral
2006,neutral
2007,positive
2008,positive
2009,neutral
2010,negative
2011,positive
2012,positive
2013,neutral
2014,neutral
2015,positive
2016,positive
2017,neutral
2018,neutral
2019,neutral
2020,positive
2021,neutral
2022,neutral
2023,positive
2024,positive
2025,positive
2026,positive
2027,neutral
2028,neutral
2029,neutral
2030,positive
2031,neutral
2032,positive
2033,positive
2034,neutral
2035,neutral
2036,neutral
2037,positive
2038,neutral
2039,neutral
2040,neutral
2041,neutral
2042,neutral
2043,neutral
2044,positive
2045,neutral
2046,neutral
2047,neutral
2048,positive
2049,negative
2050,neutral
2051,neutral
2052,neutral
2053,neutral
2054,neutral
2055,neutral
2056,neutral
2057,positive
2058,positive
2059,neutral
2060,neutral
2061,positive
2062,positive
2063,positive
2064,neutral
2065,neutral
2066,neutral
2067,neutral
2068,neutral
2069,positive
2070,neutral
2071,positive
2072,neutral
2073,neutral
2074,neutral
2075,neutral
2076,positive
2077,negative
2078,positive
2079,neutral
2080,neutral
2081,negative
2082,positive
2083,neutral
2084,positive
2085,neutral
2086,negative
2087,positive
2088,positive
2089,neutral
2090,neutral
2091,positive
2092,positive
2093,positive
2094,positive
2095,neutral
2096,neutral
2097,positive
2098,neutral
2099,neutral
2100,positive
2101,neutral
2102,positive
2103,negative
2104,neutral
2105,neutral
2106,positive
2107,positive
2108,positive
2109,neutral
2110,neutral
2111,negative
2112,neutral
2113,positive
2114,neutral
2115,positive
2116,neutral
2117,neutral
2118,positive
2119,neutral
2120,positive
2121,positive
2122,positive
2123,neutral
2124,positive
2125,positive
2126,neutral
2127,neutral
2128,neutral
2129,positive
2130,neutral
2131,neutral
2132,positive
2133,positive
2134,neutral
2135,neutral
2136,neutral
2137,neutral
2138,neutral
2139,positive
2140,neutral
2141,neutral
2142,neutral
2143,neutral
2144,neutral
2145,neutral
2146,positive
2147,neutral
2148,neutral
2149,neutral
2150,positive
2151,neutral
2152,positive
2153,positive
2154,positive
2155,neutral
2156,neutral
2157,neutral
2158,neutral
2159,neutral
2160,neutral
2161,neutral
2162,positive
2163,neutral
2164,neutral
2165,positive
2166,neutral
2167,neutral
2168,neutral
2169,neutral
2170,positive
2171,positive
2172,neutral
2173,neutral
2174,neutral
2175,positive
2176,positive
2177,negative
2178,neutral
2179,positive
2180,neutral
2181,positive
2182,neutral
2183,neutral
2184,negative
2185,neutral
2186,neutral
2187,positive
2188,positive
2189,negative
2190,neutral
2191,positive
2192,positive
2193,neutral
2194,neutral
2195,neutral
2196,positive
2197,negative
2198,neutral
2199,neutral
2200,neutral
2201,negative
2202,neutral
2203,neutral
2204,neutral
2205,neutral
2206,neutral
2207,positive
2208,neutral
2209,positive
2210,neutral
2211,positive
2212,positive
2213,neutral
2214,positive
2215,neutral
2216,neutral
2217,neutral
2218,positive
2219,positive
2220,neutral
2221,neutral
2222,positive
2223,neutral
2224,negative
2225,neutral
2226,neutral
2227,neutral
2228,positive
2229,neutral
2230,neutral
2231,neutral
2232,neutral
2233,neutral
2234,neutral
2235,neutral
2236,neutral
2237,neutral
2238,neutral
2239,positive
2240,positive
2241,neutral
2242,neutral
2243,neutral
2244,positive
2245,positive
2246,neutral
2247,neutral
2248,neutral
2249,neutral
2250,neutral
2251,positive
2252,neutral
2253,neutral
2254,neutral
2255,neutral
2256,positive
2257,positive
2258,neutral
2259,positive
2260,neutral
2261,neutral
2262,neutral
2263,neutral
2264,neutral
2265,neutral
2266,positive
2267,positive
2268,positive
2269,positive
2270,neutral
2271,neutral
2272,neutral
2273,neutral
2274,positive
2275,neutral
2276,neutral
2277,neutral
2278,positive
2279,neutral
2280,neutral
2281,neutral
2282,neutral
2283,positive
2284,neutral
2285,neutral
2286,positive
2287,neutral
2288,positive
2289,neutral
2290,neutral
2291,positive
2292,neutral
2293,neutral
2294,neutral
2295,neutral
2296,neutral
2297,neutral
2298,positive
2299,neutral
2300,negative
2301,neutral
2302,neutral
2303,neutral
2304,neutral
2305,neutral
2306,neutral
2307,neutral
2308,negative
2309,neutral
2310,neutral
2311,neutral
2312,neutral
2313,neutral
2314,neutral
2315,neutral
2316,neutral
2317,positive
2318,neutral
2319,positive
2320,neutral
2321,neutral
2322,neutral
2323,neutral
2324,positive
2325,positive
2326,positive
2327,positive
2328,neutral
2329,positive
2330,positive
2331,positive
2332,neutral
2333,neutral
2334,positive
2335,neutral
2336,neutral
2337,positive
2338,neutral
2339,positive
2340,positive
2341,positive
2342,positive
2343,neutral
2344,positive
2345,positive
2346,neutral
2347,neutral
2348,positive
2349,neutral
2350,positive
2351,positive
2352,neutral
2353,positive
2354,positive
2355,positive
2356,positive
2357,positive
2358,neutral
2359,positive
2360,neutral
2361,neutral
2362,neutral
2363,neutral
2364,neutral
2365,positive
2366,neutral
2367,neutral
2368,positive
2369,neutral
2370,neutral
2371,neutral
2372,positive
2373,positive
2374,neutral
2375,negative
2376,positive
2377,neutral
2378,neutral
2379,positive
2380,positive
2381,negative
2382,neutral
2383,neutral
2384,neutral
2385,positive
2386,positive
2387,neutral
2388,positive
2389,positive
2390,neutral
2391,neutral
2392,neutral
2393,neutral
2394,neutral
2395,neutral
2396,neutral
2397,positive
2398,positive
2399,neutral
2400,positive
2401,neutral
2402,neutral
2403,neutral
2404,neutral
2405,neutral
2406,neutral
2407,neutral
2408,neutral
2409,positive
2410,neutral
2411,neutral
2412,neutral
2413,positive
2414,neutral
2415,neutral
2416,neutral
2417,neutral
2418,neutral
2419,positive
2420,neutral
2421,neutral
2422,neutral
2423,neutral
2424,neutral
2425,neutral
2426,neutral
2427,neutral
2428,neutral
2429,neutral
2430,neutral
2431,negative
2432,positive
2433,neutral
2434,neutral
2435,neutral
2436,neutral
2437,neutral
2438,neutral
2439,neutral
2440,positive
2441,neutral
2442,neutral
2443,neutral
2444,neutral
2445,positive
2446,positive
2447,neutral
2448,neutral
2449,positive
2450,positive
2451,neutral
2452,neutral
2453,negative
2454,positive
2455,positive
2456,neutral
2457,neutral
2458,negative
2459,neutral
2460,neutral
2461,neutral
2462,neutral
2463,neutral
2464,neutral
2465,negative
2466,neutral
2467,neutral
2468,neutral
2469,neutral
2470,neutral
2471,neutral
2472,neutral
2473,positive
2474,neutral
2475,negative
2476,neutral
2477,neutral
2478,neutral
2479,neutral
2480,neutral
2481,positive
2482,neutral
2483,neutral
2484,neutral
2485,positive
2486,neutral
2487,positive
2488,neutral
2489,neutral
2490,neutral
2491,neutral
2492,neutral
2493,neutral
2494,neutral
2495,neutral
2496,negative
2497,neutral
2498,neutral
2499,neutral
2500,neutral
2501,neutral
2502,negative
2503,positive
2504,neutral
2505,neutral
2506,neutral
2507,neutral
2508,positive
2509,positive
2510,neutral
2511,positive
2512,neutral
2513,neutral
2514,neutral
2515,positive
2516,neutral
2517,neutral
2518,neutral
2519,neutral
2520,neutral
2521,neutral
2522,neutral
2523,neutral
2524,neutral
2525,positive
2526,neutral
2527,positive
2528,neutral
2529,neutral
2530,neutral
2531,positive
2532,neutral
2533,neutral
2534,neutral
2535,neutral
2536,positive
2537,neutral
2538,neutral
2539,positive
2540,neutral
2541,neutral
2542,positive
2543,neutral
2544,neutral
2545,negative
2546,neutral
2547,positive
2548,neutral
2549,positive
2550,neutral
2551,positive
2552,neutral
2553,positive
2554,neutral
2555,neutral
2556,positive
2557,neutral
2558,neutral
2559,neutral
2560,neutral
2561,positive
2562,neutral
2563,neutral
2564,neutral
2565,positive
2566,positive
2567,neutral
2568,neutral
2569,neutral
2570,neutral
2571,neutral
2572,neutral
2573,neutral
2574,positive
2575,neutral
2576,neutral
2577,neutral
2578,neutral
2579,neutral
2580,neutral
2581,neutral
2582,positive
2583,neutral
2584,neutral
2585,neutral
2586,neutral
2587,neutral
2588,neutral
2589,positive
2590,negative
2591,negative
2592,positive
2593,positive
2594,positive
2595,neutral
2596,neutral
2597,neutral
2598,neutral
2599,negative
2600,neutral
2601,neutral
2602,neutral
2603,positive
2604,neutral
2605,negative
2606,neutral
2607,positive
2608,neutral
2609,neutral
2610,positive
2611,positive
2612,neutral
2613,positive
2614,positive
2615,neutral
2616,negative
2617,neutral
2618,positive
2619,neutral
2620,neutral
2621,neutral
2622,neutral
2623,neutral
2624,neutral
2625,neutral
2626,positive
2627,neutral
2628,neutral
2629,neutral
2630,neutral
2631,positive
2632,negative
2633,positive
2634,neutral
2635,positive
2636,positive
2637,neutral
2638,neutral
2639,positive
2640,neutral
2641,negative
2642,neutral
2643,neutral
2644,neutral
2645,neutral
2646,neutral
2647,positive
2648,negative
2649,positive
2650,positive
2651,neutral
2652,positive
2653,neutral
2654,positive
2655,neutral
2656,neutral
2657,neutral
2658,neutral
2659,positive
2660,positive
2661,neutral
2662,neutral
2663,neutral
2664,neutral
2665,positive
2666,neutral
2667,neutral
2668,neutral
2669,neutral
2670,positive
2671,positive
2672,neutral
2673,positive
2674,positive
2675,neutral
2676,neutral
2677,neutral
2678,neutral
2679,positive
2680,neutral
2681,neutral
2682,negative
2683,neutral
2684,neutral
2685,positive
2686,positive
2687,positive
2688,positive
2689,neutral
2690,negative
2691,neutral
2692,neutral
2693,neutral
2694,neutral
2695,neutral
2696,positive
2697,neutral
2698,neutral
2699,positive
2700,neutral
2701,positive
2702,positive
2703,positive
2704,positive
2705,neutral
2706,positive
2707,neutral
2708,neutral
2709,neutral
2710,neutral
2711,neutral
2712,neutral
2713,neutral
2714,neutral
2715,neutral
2716,neutral
2717,positive
2718,neutral
2719,neutral
2720,neutral
2721,positive
2722,positive
2723,neutral
2724,neutral
2725,neutral
2726,neutral
2727,positive
2728,neutral
2729,neutral
2730,neutral
2731,neutral
2732,positive
2733,positive
2734,positive
2735,positive
2736,neutral
2737,positive
2738,neutral
2739,neutral
2740,neutral
2741,negative
2742,positive
2743,neutral
2744,neutral
2745,neutral
2746,neutral
2747,neutral
2748,neutral
2749,neutral
2750,neutral
2751,neutral
2752,neutral
2753,positive
2754,positive
2755,negative
2756,positive
2757,positive
2758,neutral
2759,neutral
2760,positive
2761,positive
2762,positive
2763,neutral
2764,positive
2765,positive
2766,neutral
2767,negative
2768,positive
2769,neutral
2770,negative
2771,positive
2772,negative
2773,neutral
2774,neutral
2775,negative
2776,neutral
2777,positive
2778,positive
2779,positive
2780,neutral
2781,neutral
2782,neutral
2783,positive
2784,positive
2785,neutral
2786,positive
2787,neutral
2788,positive
2789,neutral
2790,neutral
2791,neutral
2792,positive
2793,neutral
2794,neutral
2795,negative
2796,neutral
2797,neutral
2798,neutral
2799,neutral
2800,positive
2801,positive
2802,positive
2803,neutral
2804,neutral
2805,positive
2806,neutral
2807,neutral
2808,neutral
2809,positive
2810,neutral
2811,neutral
2812,negative
2813,positive
2814,neutral
2815,neutral
2816,neutral
2817,neutral
2818,neutral
2819,negative
2820,neutral
2821,positive
2822,neutral
2823,positive
2824,neutral
2825,positive
2826,neutral
2827,neutral
2828,neutral
2829,negative
2830,positive
2831,positive
2832,positive
2833,neutral
2834,neutral
2835,positive
2836,neutral
2837,neutral
2838,positive
2839,neutral
2840,neutral
2841,negative
2842,neutral
2843,neutral
2844,neutral
2845,neutral
2846,negative
2847,neutral
2848,positive
2849,neutral
2850,neutral
2851,positive
2852,negative
2853,positive
2854,neutral
2855,positive
2856,neutral
2857,positive
2858,neutral
2859,neutral
2860,positive
2861,neutral
2862,neutral
2863,neutral
2864,neutral
2865,neutral
2866,negative
2867,neutral
2868,neutral
2869,positive
2870,neutral
2871,positive
2872,positive
2873,positive
2874,neutral
2875,neutral
2876,neutral
2877,neutral
2878,neutral
2879,positive
2880,neutral
2881,neutral
2882,neutral
2883,neutral
2884,neutral
2885,neutral
2886,neutral
2887,neutral
2888,neutral
2889,neutral
2890,positive
2891,neutral
2892,neutral
2893,neutral
2894,positive
2895,positive
2896,neutral
2897,neutral
2898,neutral
2899,neutral
2900,neutral
2901,positive
2902,neutral
2903,neutral
2904,neutral
2905,neutral
2906,positive
2907,neutral
2908,neutral
2909,neutral
2910,neutral
2911,neutral
2912,negative
2913,neutral
2914,positive
2915,positive
2916,neutral
2917,neutral
2918,neutral
2919,negative
2920,neutral
2921,neutral
2922,positive
2923,neutral
2924,negative
2925,positive
2926,positive
2927,positive
2928,neutral
2929,positive
2930,neutral
2931,neutral
2932,neutral
2933,neutral
2934,neutral
2935,neutral
2936,neutral
2937,neutral
2938,negative
2939,neutral
2940,positive
2941,positive
2942,neutral
2943,neutral
2944,neutral
2945,neutral
2946,neutral
2947,neutral
2948,neutral
2949,neutral
2950,neutral
2951,positive
2952,negative
2953,positive
2954,neutral
2955,neutral
2956,neutral
2957,neutral
2958,neutral
2959,neutral
2960,neutral
2961,neutral
2962,neutral
2963,neutral
2964,positive
2965,neutral
2966,neutral
2967,positive
2968,neutral
2969,neutral
2970,neutral
2971,positive
2972,neutral
2973,neutral
2974,positive
2975,negative
2976,neutral
2977,neutral
2978,neutral
2979,positive
2980,neutral
2981,neutral
2982,neutral
2983,neutral
2984,neutral
2985,neutral
2986,negative
2987,positive
2988,positive
2989,positive
2990,neutral
2991,neutral
2992,neutral
2993,neutral
2994,neutral
2995,neutral
2996,negative
2997,neutral
2998,positive
2999,neutral
3000,neutral
3001,neutral
3002,positive
3003,negative
3004,negative
3005,neutral
3006,neutral
3007,neutral
3008,negative
3009,neutral
3010,neutral
3011,neutral
3012,neutral
3013,neutral
3014,positive
3015,negative
3016,neutral
3017,neutral
3018,neutral
3019,positive
3020,positive
3021,neutral
3022,neutral
3023,neutral
3024,negative
3025,positive
3026,positive
3027,neutral
3028,positive
3029,neutral
3030,neutral
3031,neutral
3032,neutral
3033,positive
3034,neutral
3035,negative
3036,neutral
3037,neutral
3038,positive
3039,neutral
3040,positive
3041,negative
3042,positive
3043,neutral
3044,neutral
3045,neutral
3046,positive
3047,positive
3048,neutral
3049,positive
3050,positive
3051,positive
3052,neutral
3053,neutral
3054,neutral
3055,neutral
3056,positive
3057,neutral
3058,neutral
3059,neutral
3060,positive
3061,neutral
3062,neutral
3063,positive
3064,neutral
3065,positive
3066,negative
3067,neutral
3068,neutral
3069,neutral
3070,negative
3071,neutral
3072,neutral
3073,positive
3074,neutral
3075,positive
3076,neutral
3077,neutral
3078,neutral
3079,positive
3080,neutral
3081,neutral
3082,neutral
3083,neutral
3084,neutral
3085,neutral
3086,positive
3087,neutral
3088,negative
3089,neutral
3090,positive
3091,neutral
3092,negative
3093,neutral
3094,neutral
3095,neutral
3096,neutral
3097,positive
3098,neutral
3099,neutral
3100,neutral
3101,neutral
3102,neutral
3103,positive
3104,neutral
3105,negative
3106,neutral
3107,positive
3108,neutral
3109,neutral
3110,negative
3111,neutral
3112,neutral
3113,neutral
3114,neutral
3115,positive
3116,neutral
3117,neutral
3118,neutral
3119,neutral
3120,neutral
3121,neutral
3122,neutral
3123,neutral
3124,positive
3125,positive
3126,negative
3127,neutral
3128,neutral
3129,neutral
3130,positive
3131,positive
3132,neutral
3133,positive
3134,positive
3135,neutral
3136,neutral
3137,neutral
3138,neutral
3139,positive
3140,positive
3141,neutral
3142,neutral
3143,neutral
3144,negative
3145,neutral
3146,neutral
3147,neutral
3148,positive
3149,neutral
3150,neutral
3151,neutral
3152,neutral
3153,neutral
3154,positive
3155,neutral
3156,neutral
3157,neutral
3158,positive
3159,negative
3160,neutral
3161,positive
3162,neutral
3163,negative
3164,negative
3165,positive
3166,positive
3167,neutral
3168,neutral
3169,negative
3170,neutral
3171,positive
3172,neutral
3173,positive
3174,neutral
3175,neutral
3176,neutral
3177,neutral
3178,neutral
3179,neutral
3180,neutral
3181,neutral
3182,neutral
3183,neutral
3184,positive
3185,neutral
3186,neutral
3187,neutral
3188,positive
3189,neutral
3190,positive
3191,neutral
3192,neutral
3193,positive
3194,positive
3195,neutral
3196,neutral
3197,neutral
3198,neutral
3199,neutral
3200,positive
3201,neutral
3202,neutral
3203,negative
3204,positive
3205,neutral
3206,neutral
3207,neutral
3208,neutral
3209,neutral
3210,neutral
3211,neutral
3212,neutral
3213,neutral
3214,neutral
3215,neutral
3216,neutral
3217,neutral
3218,positive
3219,neutral
3220,positive
3221,positive
3222,neutral
3223,neutral
3224,positive
3225,neutral
3226,positive
3227,positive
3228,neutral
3229,positive
3230,neutral
3231,positive
3232,neutral
3233,positive
3234,positive
3235,neutral
3236,positive
3237,positive
3238,positive
3239,positive
3240,neutral
3241,neutral
3242,positive
3243,neutral
3244,neutral
3245,negative
3246,neutral
3247,neutral
3248,neutral
3249,positive
3250,neutral
3251,neutral
3252,positive
3253,positive
3254,neutral
3255,neutral
3256,neutral
3257,neutral
3258,neutral
3259,neutral
3260,positive
3261,neutral
3262,neutral
3263,negative
3264,positive
3265,neutral
3266,positive
3267,positive
3268,positive
3269,neutral
3270,neutral
3271,neutral
3272,neutral
3273,positive
3274,negative
3275,positive
3276,neutral
3277,neutral
3278,neutral
3279,positive
3280,neutral
3281,neutral
3282,neutral
3283,positive
3284,neutral
3285,neutral
3286,positive
3287,neutral
3288,neutral
3289,positive
3290,positive
3291,neutral
3292,neutral
3293,positive
3294,positive
3295,neutral
3296,positive
3297,positive
3298,neutral
3299,neutral
3300,neutral
3301,positive
3302,neutral
3303,positive
3304,positive
3305,neutral
3306,neutral
3307,neutral
3308,neutral
3309,positive
3310,neutral
3311,neutral
3312,positive
3313,neutral
3314,neutral
3315,positive
3316,positive
3317,neutral
3318,neutral
3319,positive
3320,positive
3321,neutral
3322,neutral
3323,neutral
3324,neutral
3325,positive
3326,neutral
3327,neutral
3328,neutral
3329,positive
3330,positive
3331,neutral
3332,neutral
3333,neutral
3334,neutral
3335,neutral
3336,positive
3337,neutral
3338,negative
3339,neutral
3340,positive
3341,neutral
3342,neutral
3343,negative
3344,positive
3345,neutral
3346,positive
3347,neutral
3348,neutral
3349,positive
3350,neutral
3351,neutral
3352,positive
3353,neutral
3354,neutral
3355,neutral
3356,neutral
3357,positive
3358,neutral
3359,neutral
3360,positive
3361,neutral
3362,neutral
3363,neutral
3364,neutral
3365,positive
3366,positive
3367,neutral
3368,positive
3369,positive
3370,neutral
3371,neutral
3372,neutral
3373,neutral
3374,neutral
3375,neutral
3376,negative
3377,positive
3378,negative
3379,neutral
3380,neutral
3381,positive
3382,positive
3383,negative
3384,neutral
3385,neutral
3386,positive
3387,negative
3388,neutral
3389,neutral
3390,positive
3391,neutral
3392,neutral
3393,positive
3394,positive
3395,positive
3396,positive
3397,neutral
3398,neutral
3399,neutral
3400,neutral
3401,neutral
3402,neutral
3403,neutral
3404,negative
3405,negative
3406,neutral
3407,neutral
3408,neutral
3409,neutral
3410,neutral
3411,positive
3412,neutral
3413,neutral
3414,positive
3415,negative
3416,neutral
3417,positive
3418,positive
3419,negative
3420,neutral
3421,neutral
3422,neutral
3423,neutral
3424,neutral
3425,positive
3426,neutral
3427,neutral
3428,positive
3429,neutral
3430,neutral
3431,positive
3432,neutral
3433,neutral
3434,positive
3435,positive
3436,positive
3437,neutral
3438,neutral
3439,positive
3440,neutral
3441,neutral
3442,neutral
3443,negative
3444,neutral
3445,neutral
3446,neutral
3447,neutral
3448,negative
3449,neutral
3450,neutral
3451,negative
3452,neutral
3453,positive
3454,neutral
3455,neutral
3456,neutral
3457,positive
3458,positive
3459,positive
3460,positive
3461,neutral
3462,neutral
3463,positive
3464,positive
3465,positive
3466,neutral
3467,neutral
3468,negative
3469,neutral
3470,positive
3471,positive
3472,neutral
3473,positive
3474,neutral
3475,neutral
3476,neutral
3477,negative
3478,neutral
3479,positive
3480,neutral
3481,neutral
3482,positive
3483,positive
3484,positive
3485,positive
3486,positive
3487,neutral
3488,neutral
3489,neutral
3490,neutral
3491,positive
3492,neutral
3493,neutral
3494,positive
3495,neutral
3496,neutral
3497,neutral
3498,positive
3499,positive
3500,positive
3501,neutral
3502,neutral
3503,neutral
3504,positive
3505,negative
3506,neutral
3507,neutral
3508,negative
3509,neutral
3510,neutral
3511,neutral
3512,neutral
3513,positive
3514,neutral
3515,neutral
3516,neutral
3517,positive
3518,positive
3519,neutral
3520,positive
3521,neutral
3522,neutral
3523,positive
3524,neutral
3525,positive
3526,neutral
3527,neutral
3528,neutral
3529,positive
3530,positive
3531,neutral
3532,neutral
3533,positive
3534,neutral
3535,negative
3536,neutral
3537,neutral
3538,neutral
3539,neutral
3540,positive
3541,neutral
3542,neutral
3543,positive
3544,positive
3545,neutral
3546,positive
3547,neutral
3548,neutral
3549,neutral
3550,neutral
3551,neutral
3552,neutral
3553,positive
3554,neutral
3555,positive
3556,positive
3557,positive
3558,positive
3559,neutral
3560,neutral
3561,positive
3562,neutral
3563,neutral
3564,neutral
3565,neutral
3566,positive
3567,neutral
3568,neutral
3569,positive
3570,neutral
3571,positive
3572,positive
3573,neutral
3574,neutral
3575,neutral
3576,neutral
3577,neutral
3578,positive
3579,positive
3580,neutral
3581,negative
3582,positive
3583,neutral
3584,neutral
3585,negative
3586,neutral
3587,positive
3588,positive
3589,positive
3590,positive
3591,neutral
3592,neutral
3593,negative
3594,positive
3595,neutral
3596,neutral
3597,positive
3598,positive
3599,positive
3600,neutral
3601,neutral
3602,neutral
3603,neutral
3604,positive
3605,neutral
3606,neutral
3607,neutral
3608,positive
3609,neutral
3610,positive
3611,neutral
3612,neutral
3613,positive
3614,neutral
3615,neutral
3616,neutral
3617,negative
3618,neutral
3619,negative
3620,neutral
3621,neutral
3622,positive
3623,neutral
3624,neutral
3625,neutral
3626,neutral
3627,neutral
3628,neutral
3629,positive
3630,neutral
3631,neutral
3632,neutral
3633,neutral
3634,neutral
3635,neutral
3636,neutral
3637,neutral
3638,negative
3639,positive
3640,neutral
3641,negative
3642,positive
3643,neutral
3644,neutral
3645,positive
3646,negative
3647,neutral
3648,neutral
3649,neutral
3650,neutral
3651,positive
3652,neutral
3653,positive
3654,neutral
3655,neutral
3656,neutral
3657,neutral
3658,neutral
3659,positive
3660,neutral
3661,neutral
3662,neutral
3663,neutral
3664,neutral
3665,positive
3666,positive
3667,neutral
3668,neutral
3669,positive
3670,positive
3671,positive
3672,neutral
3673,neutral
3674,neutral
3675,positive
3676,negative
3677,neutral
3678,neutral
3679,positive
3680,neutral
3681,neutral
3682,positive
3683,neutral
3684,neutral
3685,neutral
3686,negative
3687,positive
3688,neutral
3689,negative
3690,neutral
3691,neutral
3692,positive
3693,positive
3694,neutral
3695,neutral
3696,neutral
3697,negative
3698,positive
3699,neutral
3700,negative
3701,positive
3702,positive
3703,positive
3704,neutral
3705,neutral
3706,negative
3707,neutral
3708,positive
3709,neutral
3710,neutral
3711,neutral
3712,positive
3713,neutral
3714,neutral
3715,neutral
3716,neutral
3717,neutral
3718,neutral
3719,neutral
3720,negative
3721,neutral
3722,positive
3723,neutral
3724,neutral
3725,neutral
3726,neutral
3727,neutral
3728,positive
3729,positive
3730,negative
3731,neutral
3732,neutral
3733,neutral
3734,neutral
3735,positive
3736,neutral
3737,neutral
3738,neutral
3739,neutral
3740,negative
3741,neutral
3742,positive
3743,neutral
3744,positive
3745,neutral
3746,neutral
3747,positive
3748,positive
3749,neutral
3750,neutral
3751,neutral
3752,negative
3753,neutral
3754,neutral
3755,positive
3756,neutral
3757,neutral
3758,neutral
3759,neutral
3760,neutral
3761,positive
3762,neutral
3763,neutral
3764,neutral
3765,neutral
3766,neutral
3767,neutral
3768,neutral
3769,neutral
3770,positive
3771,neutral
3772,positive
3773,neutral
3774,negative
3775,neutral
3776,positive
3777,positive
3778,positive
3779,neutral
3780,neutral
3781,positive
3782,positive
3783,neutral
3784,positive
3785,neutral
3786,neutral
3787,negative
3788,positive
3789,positive
3790,neutral
3791,positive
3792,neutral
3793,neutral
3794,neutral
3795,neutral
3796,neutral
3797,positive
3798,positive
3799,positive
3800,positive
3801,neutral
3802,neutral
3803,neutral
3804,positive
3805,neutral
3806,positive
3807,neutral
3808,neutral
3809,positive
3810,neutral
3811,neutral
3812,neutral
3813,neutral
3814,positive
3815,positive
3816,neutral
3817,positive
3818,positive
3819,neutral
3820,positive
3821,neutral
3822,neutral
3823,neutral
3824,neutral
3825,neutral
3826,neutral
3827,neutral
3828,neutral
3829,neutral
3830,positive
3831,neutral
3832,neutral
3833,positive
3834,neutral
3835,neutral
3836,neutral
3837,neutral
3838,positive
3839,positive
3840,neutral
3841,positive
3842,neutral
3843,neutral
3844,neutral
3845,neutral
3846,positive
3847,neutral
3848,neutral
3849,neutral
3850,neutral
3851,negative
3852,positive
3853,neutral
3854,neutral
3855,positive
3856,positive
3857,positive
3858,positive
3859,negative
3860,neutral
3861,neutral
3862,neutral
3863,neutral
3864,positive
3865,positive
3866,neutral
3867,neutral
3868,negative
3869,positive
3870,positive
3871,neutral
3872,neutral
3873,neutral
3874,neutral
3875,positive
3876,neutral
3877,positive
3878,neutral
3879,positive
3880,neutral
3881,positive
3882,neutral
3883,neutral
3884,neutral
3885,positive
3886,positive
3887,positive
3888,positive
3889,negative
3890,positive
3891,neutral
3892,neutral
3893,neutral
3894,neutral
3895,neutral
3896,negative
3897,negative
3898,neutral
3899,neutral
3900,neutral
3901,positive
3902,neutral
3903,neutral
3904,neutral
3905,neutral
3906,neutral
3907,neutral
3908,positive
3909,neutral
3910,neutral
3911,positive
3912,neutral
3913,positive
3914,neutral
3915,neutral
3916,neutral
3917,neutral
3918,neutral
3919,neutral
3920,positive
3921,neutral
3922,positive
3923,neutral
3924,neutral
3925,neutral
3926,negative
3927,neutral
3928,neutral
3929,negative
3930,neutral
3931,negative
3932,positive
3933,positive
3934,positive
3935,neutral
3936,positive
3937,neutral
3938,neutral
3939,neutral
3940,neutral
3941,neutral
3942,neutral
3943,neutral
3944,neutral
3945,neutral
3946,positive
3947,neutral
3948,neutral
3949,neutral
3950,neutral
3951,neutral
3952,neutral
3953,negative
3954,neutral
3955,neutral
3956,neutral
3957,positive
3958,positive
3959,positive
3960,positive
3961,positive
3962,positive
3963,neutral
3964,neutral
3965,neutral
3966,positive
3967,positive
3968,neutral
3969,neutral
3970,neutral
3971,neutral
3972,positive
3973,neutral
3974,negative
3975,neutral
3976,neutral
3977,neutral
3978,neutral
3979,neutral
3980,positive
3981,positive
3982,neutral
3983,neutral
3984,neutral
3985,positive
3986,positive
3987,neutral
3988,neutral
3989,neutral
3990,neutral
3991,neutral
3992,positive
3993,positive
3994,positive
3995,neutral
3996,neutral
3997,neutral
3998,positive
3999,neutral
4000,positive
4001,neutral
4002,neutral
4003,negative
4004,positive
4005,neutral
4006,neutral
4007,neutral
4008,positive
4009,negative
4010,positive
4011,positive
4012,neutral
4013,positive
4014,neutral
4015,neutral
4016,neutral
4017,neutral
4018,positive
4019,neutral
4020,positive
4021,neutral
4022,positive
4023,neutral
4024,neutral
4025,neutral
4026,neutral
4027,neutral
4028,neutral
4029,neutral
4030,positive
4031,neutral
4032,neutral
4033,neutral
4034,positive
4035,positive
4036,neutral
4037,positive
4038,neutral
4039,neutral
4040,positive
4041,neutral
4042,neutral
4043,neutral
4044,neutral
4045,positive
4046,positive
4047,negative
4048,neutral
4049,neutral
4050,neutral
4051,positive
4052,neutral
4053,positive
4054,neutral
4055,neutral
4056,neutral
4057,neutral
4058,neutral
4059,neutral
4060,positive
4061,neutral
4062,neutral
4063,neutral
4064,neutral
4065,neutral
4066,neutral
4067,neutral
4068,neutral
4069,positive
4070,neutral
4071,positive
4072,negative
4073,neutral
4074,neutral
4075,neutral
4076,positive
4077,neutral
4078,neutral
4079,negative
4080,neutral
4081,neutral
4082,neutral
4083,positive
4084,neutral
4085,neutral
4086,neutral
4087,positive
4088,positive
4089,neutral
4090,neutral
4091,positive
4092,positive
4093,positive
4094,neutral
4095,positive
4096,neutral
4097,neutral
4098,positive
4099,neutral
4100,positive
4101,positive
4102,neutral
4103,neutral
4104,negative
4105,neutral
4106,neutral
4107,positive
4108,neutral
4109,neutral
4110,positive
4111,neutral
4112,neutral
4113,positive
4114,neutral
4115,neutral
4116,neutral
4117,neutral
4118,positive
4119,neutral
4120,neutral
4121,neutral
4122,neutral
4123,neutral
4124,neutral
4125,neutral
4126,neutral
4127,neutral
4128,neutral
4129,negative
4130,neutral
4131,neutral
4132,neutral
4133,neutral
4134,positive
4135,neutral
4136,neutral
4137,neutral
4138,neutral
4139,positive
4140,neutral
4141,neutral
4142,neutral
4143,neutral
4144,neutral
4145,neutral
4146,neutral
4147,negative
4148,negative
4149,neutral
4150,positive
4151,neutral
4152,positive
4153,positive
4154,neutral
4155,negative
4156,neutral
4157,positive
4158,neutral
4159,neutral
4160,negative
4161,negative
4162,positive
4163,neutral
4164,positive
4165,neutral
4166,neutral
4167,neutral
4168,positive
4169,neutral
4170,neutral
4171,neutral
4172,positive
4173,positive
4174,neutral
4175,negative
4176,negative
4177,neutral
4178,positive
4179,neutral
4180,neutral
4181,neutral
4182,positive
4183,neutral
4184,positive
4185,neutral
4186,neutral
4187,neutral
4188,neutral
4189,neutral
4190,neutral
4191,neutral
4192,neutral
4193,positive
4194,neutral
4195,positive
4196,positive
4197,neutral
4198,neutral
4199,neutral
4200,neutral
4201,positive
4202,neutral
4203,positive
4204,neutral
4205,positive
4206,positive
4207,positive
4208,neutral
4209,neutral
4210,neutral
4211,negative
4212,neutral
4213,neutral
4214,neutral
4215,positive
4216,positive
4217,neutral
4218,neutral
4219,neutral
4220,neutral
4221,neutral
4222,negative
4223,negative
4224,neutral
4225,neutral
4226,negative
4227,positive
4228,neutral
4229,positive
4230,neutral
4231,neutral
4232,neutral
4233,neutral
4234,negative
4235,neutral
4236,neutral
4237,neutral
4238,positive
4239,neutral
4240,neutral
4241,neutral
4242,neutral
4243,neutral
4244,negative
4245,neutral
4246,neutral
4247,neutral
4248,neutral
4249,neutral
4250,positive
4251,positive
4252,neutral
4253,neutral
4254,neutral
4255,positive
4256,positive
4257,neutral
4258,neutral
4259,negative
4260,neutral
4261,positive
4262,neutral
4263,neutral
4264,positive
4265,neutral
4266,positive
4267,positive
4268,neutral
4269,neutral
4270,neutral
4271,neutral
4272,positive
4273,neutral
4274,neutral
4275,neutral
4276,positive
4277,neutral
4278,positive
4279,positive
4280,neutral
4281,neutral
4282,neutral
4283,neutral
4284,neutral
4285,positive
4286,positive
4287,neutral
4288,neutral
4289,positive
4290,neutral
4291,positive
4292,neutral
4293,positive
4294,positive
4295,neutral
4296,neutral
4297,negative
4298,neutral
4299,neutral
4300,neutral
4301,positive
4302,positive
4303,neutral
4304,neutral
4305,neutral
4306,positive
4307,positive
4308,neutral
4309,neutral
4310,neutral
4311,neutral
4312,positive
4313,neutral
4314,negative
4315,neutral
4316,neutral
4317,neutral
4318,neutral
4319,neutral
4320,neutral
4321,neutral
4322,neutral
4323,positive
4324,negative
4325,neutral
4326,neutral
4327,neutral
4328,positive
4329,positive
4330,neutral
4331,neutral
4332,positive
4333,positive
4334,neutral
4335,neutral
4336,neutral
4337,neutral
4338,positive
4339,neutral
4340,neutral
4341,positive
4342,neutral
4343,negative
4344,neutral
4345,neutral
4346,neutral
4347,positive
4348,positive
4349,neutral
4350,neutral
4351,neutral
4352,neutral
4353,neutral
4354,neutral
4355,negative
4356,neutral
4357,neutral
4358,positive
4359,neutral
4360,neutral
4361,neutral
4362,positive
4363,positive
4364,neutral
4365,neutral
4366,neutral
4367,negative
4368,neutral
4369,positive
4370,neutral
4371,neutral
4372,positive
4373,neutral
4374,neutral
4375,neutral
4376,neutral
4377,neutral
4378,neutral
4379,neutral
4380,neutral
4381,neutral
4382,neutral
4383,positive
4384,neutral
4385,neutral
4386,neutral
4387,neutral
4388,positive
4389,positive
4390,positive
4391,neutral
4392,neutral
4393,positive
4394,neutral
4395,positive
4396,positive
4397,neutral
4398,neutral
4399,positive
4400,neutral
4401,neutral
4402,positive
4403,positive
4404,neutral
4405,neutral
4406,positive
4407,neutral
4408,positive
4409,neutral
4410,neutral
4411,positive
4412,neutral
4413,neutral
4414,negative
4415,neutral
4416,neutral
4417,neutral
4418,neutral
4419,neutral
4420,neutral
4421,positive
4422,positive
4423,neutral
4424,neutral
4425,neutral
4426,neutral
4427,neutral
4428,neutral
4429,neutral
4430,neutral
4431,neutral
4432,neutral
4433,neutral
4434,neutral
4435,neutral
4436,positive
4437,neutral
4438,neutral
4439,neutral
4440,neutral
4441,neutral
4442,neutral
4443,neutral
4444,neutral
4445,positive
4446,neutral
4447,neutral
4448,positive
4449,positive
4450,neutral
4451,neutral
4452,positive
4453,neutral
4454,neutral
4455,neutral
4456,positive
4457,neutral
4458,neutral
4459,neutral
4460,positive
4461,neutral
4462,neutral
4463,neutral
4464,neutral
4465,neutral
4466,neutral
4467,neutral
4468,neutral
4469,neutral
4470,neutral
4471,neutral
4472,neutral
4473,positive
4474,neutral
4475,neutral
4476,neutral
4477,neutral
4478,neutral
4479,positive
4480,neutral
4481,neutral
4482,neutral
4483,neutral
4484,positive
4485,neutral
4486,neutral
4487,positive
4488,neutral
4489,neutral
4490,positive
4491,positive
4492,positive
4493,neutral
4494,neutral
4495,positive
4496,negative
4497,neutral
4498,positive
4499,neutral
4500,neutral
4501,positive
4502,neutral
4503,neutral
4504,positive
4505,negative
4506,positive
4507,positive
4508,neutral
4509,neutral
4510,positive
4511,positive
4512,neutral
4513,positive
4514,positive
4515,neutral
4516,neutral
4517,positive
4518,positive
4519,positive
4520,neutral
4521,neutral
4522,neutral
4523,neutral
4524,positive
4525,neutral
4526,neutral
4527,positive
4528,neutral
4529,neutral
4530,neutral
4531,neutral
4532,positive
4533,positive
4534,neutral
4535,neutral
4536,neutral
4537,positive
4538,neutral
4539,neutral
4540,positive
4541,neutral
4542,negative
4543,neutral
4544,neutral
4545,positive
4546,positive
4547,neutral
4548,neutral
4549,neutral
4550,neutral
4551,neutral
4552,positive
4553,negative
4554,positive
4555,neutral
4556,neutral
4557,neutral
4558,positive
4559,neutral
4560,neutral
4561,positive
4562,neutral
4563,negative
4564,positive
4565,positive
4566,neutral
4567,neutral
4568,positive
4569,neutral
4570,neutral
4571,neutral
4572,positive
4573,positive
4574,positive
4575,neutral
4576,positive
4577,neutral
4578,neutral
4579,positive
4580,neutral
4581,positive
4582,neutral
4583,positive
4584,positive
4585,neutral
4586,neutral
4587,neutral
4588,neutral
4589,neutral
4590,positive
4591,neutral
4592,positive
4593,neutral
4594,neutral
4595,neutral
4596,positive
4597,neutral
4598,neutral
4599,neutral
4600,neutral
4601,positive
4602,neutral
4603,neutral
4604,neutral
4605,neutral
4606,positive
4607,neutral
4608,positive
4609,positive
4610,positive
4611,positive
4612,neutral
4613,neutral
4614,neutral
4615,neutral
4616,neutral
4617,neutral
4618,neutral
4619,positive
4620,neutral
4621,positive
4622,neutral
4623,neutral
4624,negative
4625,neutral
4626,neutral
4627,positive
4628,positive
4629,positive
4630,positive
4631,neutral
4632,positive
4633,neutral
4634,neutral
4635,positive
4636,positive
4637,neutral
4638,neutral
4639,positive
4640,neutral
4641,neutral
4642,negative
4643,neutral
4644,positive
4645,neutral
4646,neutral
4647,positive
4648,positive
4649,negative
4650,positive
4651,neutral
4652,neutral
4653,neutral
4654,neutral
4655,positive
4656,neutral
4657,neutral
4658,neutral
4659,neutral
4660,neutral
4661,positive
4662,negative
4663,neutral
4664,positive
4665,positive
4666,positive
4667,positive
4668,neutral
4669,neutral
4670,neutral
4671,negative
4672,neutral
4673,neutral
4674,neutral
4675,neutral
4676,negative
4677,positive
4678,positive
4679,positive
4680,neutral
4681,positive
4682,positive
4683,neutral
4684,neutral
4685,neutral
4686,positive
4687,neutral
4688,neutral
4689,positive
4690,neutral
4691,neutral
4692,neutral
4693,neutral
4694,neutral
4695,neutral
4696,positive
4697,negative
4698,neutral
4699,positive
4700,neutral
4701,neutral
4702,neutral
4703,neutral
4704,neutral
4705,neutral
4706,positive
4707,neutral
4708,neutral
4709,neutral
4710,positive
4711,positive
4712,neutral
4713,neutral
4714,neutral
4715,negative
4716,neutral
4717,positive
4718,neutral
4719,neutral
4720,positive
4721,neutral
4722,positive
4723,positive
4724,positive
4725,positive
4726,positive
4727,neutral
4728,neutral
4729,positive
4730,neutral
4731,neutral
4732,neutral
4733,neutral
4734,negative
4735,neutral
4736,neutral
4737,negative
4738,positive
4739,positive
4740,negative
4741,neutral
4742,neutral
4743,neutral
4744,positive
4745,positive
4746,neutral
4747,negative
4748,positive
4749,neutral
4750,positive
4751,negative
4752,neutral
4753,neutral
4754,positive
4755,positive
4756,neutral
4757,neutral
4758,neutral
4759,positive
4760,neutral
4761,neutral
4762,neutral
4763,positive
4764,negative
4765,positive
4766,neutral
4767,neutral
4768,neutral
4769,neutral
4770,positive
4771,neutral
4772,positive
4773,positive
4774,positive
4775,positive
4776,neutral
4777,positive
4778,neutral
4779,neutral
4780,positive
4781,positive
4782,neutral
4783,positive
4784,neutral
4785,positive
4786,positive
4787,positive
4788,positive
4789,neutral
4790,negative
4791,neutral
4792,neutral
4793,neutral
4794,neutral
4795,neutral
4796,positive
4797,neutral
4798,neutral
4799,neutral
4800,neutral
4801,negative
4802,negative
4803,neutral
4804,neutral
4805,neutral
4806,positive
4807,neutral
4808,neutral
4809,positive
4810,neutral
4811,positive
4812,neutral
4813,neutral
4814,positive
4815,neutral
4816,negative
4817,neutral
4818,negative
4819,neutral
4820,positive
4821,neutral
4822,neutral
4823,neutral
4824,negative
4825,neutral
4826,neutral
4827,positive
4828,neutral
4829,neutral
4830,neutral
4831,negative
4832,neutral
4833,neutral
4834,neutral
4835,positive
4836,neutral
4837,positive
4838,positive
4839,neutral
4840,neutral
4841,neutral
4842,neutral
4843,neutral
4844,neutral
4845,neutral
4846,neutral
4847,neutral
4848,positive
4849,neutral
4850,positive
